firstName;createdOn
Nancy Campbell;01/01
Amanda Moreno;01/13
Walter Larson;01/12
Jimmy Coleman;01/19
Benjamin Hawkins;01/27
Shirley Lynch;01/10
Carolyn Fernandez;01/03
Deborah Garza;01/09
Joyce Powell;01/07
Alan Mcdonald;01/18
Sandra Brooks;01/16
Catherine Nguyen;01/27
Mildred Henry;01/24
Joan Howard;01/19
Andrew Wheeler;01/10
Joshua Brown;01/05
Sara Larson;01/14
Robert Wilson;01/03
Fred Little;01/10
Eugene Williams;01/16
Sandra Hayes;01/05
Earl Greene;01/12
Deborah Lopez;01/01
Donna Cooper;01/21
Jose Webb;01/21
Amy Fields;01/04
Ernest Oliver;01/10
Lillian Lawson;01/16
Jimmy Stone;01/20
Catherine Stevens;01/21
Shirley Spencer;01/21
Jose Willis;01/10
Joshua Bradley;01/17
Michelle Mccoy;01/11
Lori Adams;01/13
Carolyn Mcdonald;01/14
Stephen Cooper;01/04
Johnny Wallace;01/10
Stephen Torres;01/21
Gloria Morgan;01/20
Steve Campbell;01/11
Jean Reynolds;01/10
Steven Ortiz;01/05
Albert Howard;01/17
Brandon Butler;01/01
Randy Campbell;01/22
Jeffrey Hudson;01/13
Patrick Nguyen;01/03
Robin Warren;01/01
Todd Wheeler;01/13
Dennis Bishop;01/12
Keith West;01/11
Patrick Hamilton;01/24
Phyllis Williamson;01/26
Judy Fox;01/29
Albert Gibson;01/06
Evelyn Gardner;01/03
Judy Young;01/23
Ann Perkins;01/25
Terry Bowman;01/30
Kathryn Hughes;01/09
Aaron Mills;01/19
Patrick Russell;01/10
Bonnie Barnes;01/20
Keith Meyer;01/22
Andrew Edwards;01/18
Debra Gomez;01/04
Philip Hayes;01/09
Mildred Edwards;01/10
Chris Fisher;01/19
Rachel Pierce;01/22
Brenda Carroll;01/24
Joan Ryan;01/26
Kathryn Fernandez;01/06
Henry Gonzales;01/26
Fred Sanchez;01/14
Christopher Riley;01/19
David Murray;01/01
Steve Richardson;01/06
Virginia Armstrong;01/25
Eugene Carpenter;01/13
Lawrence Watson;01/22
Jesse Johnston;01/29
Rebecca Russell;01/05
George Torres;01/23
Steve Stephens;01/16
Earl Ward;01/24
Kimberly Daniels;01/09
George Rivera;01/23
Martin Brooks;01/23
Kathryn Williamson;01/01
Ashley Burton;01/31
Steve Morgan;01/13
Jose Ryan;01/12
Dennis Black;01/19
David Andrews;01/09
Marilyn Gonzales;01/25
Paul Adams;01/18
Evelyn Larson;01/27
Louis Baker;01/11
Cynthia Bell;01/16
Kathleen Ortiz;01/13
David Davis;01/01
Peter Simpson;01/17
Jack Wood;01/30
Patrick Oliver;01/16
Angela Young;01/20
Bonnie Holmes;01/13
Jessica Arnold;01/25
Matthew Powell;01/30
Annie Robertson;01/14
Carol Garrett;01/28
Charles Hawkins;01/24
Joshua Thomas;01/13
Nicole James;01/29
Kevin Austin;01/18
Jessica Hudson;01/20
Ryan Freeman;01/13
Helen Martinez;01/18
Teresa Spencer;01/07
Carol Turner;01/12
Janice Peterson;01/09
Anne Taylor;01/16
Kelly Reed;01/04
Irene Carpenter;01/05
Willie Rivera;01/23
Bonnie Kim;01/11
Frances Flores;01/18
Ronald Olson;01/12
Jose Clark;01/05
Gregory Mitchell;01/22
Henry Montgomery;01/04
Heather Shaw;01/04
Johnny Nguyen;01/07
Cynthia Webb;01/31
Lawrence Simpson;01/23
Thomas Robertson;01/17
Joseph Kennedy;01/08
Julia Bryant;01/04
Mark Carter;01/25
Denise Anderson;01/02
Cheryl Stanley;01/14
Andrew Fox;01/02
Deborah Knight;01/20
Christopher Ray;01/14
Mildred Kim;01/05
Doris Simpson;01/20
Scott Wheeler;01/21
Robert Davis;01/25
Marie Lane;01/03
Henry Ramos;01/22
Kathryn Sanchez;01/16
Marie Campbell;01/06
Gloria Hart;01/11
Judith Frazier;01/05
Christina Moreno;01/20
Ronald Medina;01/17
Martin Clark;01/20
Ashley Kelley;01/11
Amy Riley;01/16
Phyllis Riley;01/16
Kathryn Stone;01/27
Robert Black;01/08
Scott Cooper;01/11
Walter Davis;01/25
Harold Butler;01/19
Anna Lewis;01/05
Andrea Woods;01/06
Lillian Holmes;01/13
Scott Flores;01/14
Andrew Ellis;01/13
Evelyn Riley;01/17
Chris Simpson;01/01
Judy Hanson;01/26
Johnny Ramos;01/10
Martha Foster;01/24
Jason Gibson;01/05
Jennifer Martin;01/17
Katherine Hanson;01/15
Amy Moreno;01/19
Keith Meyer;01/26
Brenda Phillips;01/02
Howard Perkins;01/17
Virginia Lopez;01/23
Earl Larson;01/07
Frances Russell;01/08
John Rodriguez;01/22
Sara Gonzalez;01/27
Keith Harrison;01/28
Cheryl Gilbert;01/30
Rachel Romero;01/23
Paula Garza;01/31
Bobby Bishop;01/05
Kenneth Jackson;01/11
Pamela Patterson;01/24
Paula Cook;01/10
Marilyn Perry;01/19
Carl Martinez;01/07
Beverly Watkins;01/10
Eric Cruz;01/26
Jesse Anderson;01/31
Karen Garrett;01/13
Linda Schmidt;01/04
Wanda Ray;01/28
Christina Sullivan;01/25
Heather Garcia;01/21
Jonathan Greene;01/18
Craig Wells;01/07
Marie Sanchez;01/10
Bonnie Johnson;01/13
Anna Castillo;01/23
Clarence Gibson;01/30
Ann Hawkins;01/13
Walter Garza;01/07
Victor Sanders;01/07
Julie West;01/03
Walter Wilson;01/28
Lori Gilbert;01/22
Antonio Ford;01/06
Robert Jackson;01/17
Carl Moore;01/26
Aaron Lawson;01/19
Willie Berry;01/13
Nicole Brooks;01/09
Ruby Andrews;01/12
Amy Garza;01/11
Jeffrey Bowman;01/24
Helen Adams;01/27
Ann Willis;01/19
Elizabeth Grant;01/16
Joseph Burke;01/23
Alan Boyd;01/30
Andrea Richards;01/31
Frances Foster;01/15
Heather Harrison;01/11
Anna Freeman;01/01
Gary Hernandez;01/15
Victor Garrett;01/06
Heather Henderson;01/03
Janice Stone;01/03
Nicholas Miller;01/16
Nicholas Armstrong;01/12
Marie Hicks;01/21
James Rodriguez;01/13
Henry Patterson;01/15
Jane Duncan;01/27
Roy Simmons;01/16
Scott Price;01/15
Patrick Collins;01/28
Thomas Harvey;01/24
Douglas Ramirez;01/02
Andrew Flores;01/26
Rose Rogers;01/18
Gloria Ross;01/02
Anthony Kennedy;01/28
David Gutierrez;01/01
Evelyn Lee;01/29
Julie Kennedy;01/24
Lori Little;01/25
Denise Flores;01/16
Judy Carter;01/09
Linda Edwards;01/07
Dorothy Nichols;01/08
Mark Schmidt;01/13
Kathryn Harris;01/05
Brandon Ray;01/28
Ralph Jackson;01/02
Mildred Watkins;01/15
Gregory Carroll;01/03
Julia Andrews;01/04
Jack Barnes;01/04
Jeremy Black;01/16
Samuel Carr;01/15
Norma George;01/09
Martha Hughes;01/29
Walter Gomez;01/30
Russell Wilson;01/05
Wanda Mills;01/10
Shawn Hill;01/31
Arthur Bradley;01/12
Sara Perkins;01/24
Kelly Baker;01/17
Ernest Oliver;01/12
Kimberly Willis;01/29
Lisa Fernandez;01/06
Steven Morgan;01/11
Maria Cox;01/25
Ruth Stewart;01/01
Anthony Owens;01/26
Sean Matthews;01/01
Ruth Mitchell;01/30
Helen Harper;01/09
Donna Bennett;01/22
Thomas Holmes;01/20
Russell Perez;01/28
Barbara Warren;01/29
Martha Gardner;01/17
Judith Nelson;01/05
Kathy Bowman;01/19
Kenneth Kelley;01/01
Elizabeth Collins;01/23
Evelyn Stewart;01/12
Carol Knight;01/27
Alan Frazier;01/03
Jesse Moore;01/04
Michael Thomas;01/17
Kathy Mills;01/27
Aaron Romero;01/08
Debra Medina;01/01
Shirley Wallace;01/10
Dorothy Ford;01/02
Sarah Jones;01/09
Rebecca Larson;01/23
Joe Torres;01/04
Douglas Bishop;01/26
Daniel Hunter;01/18
Phyllis Nichols;01/12
Carolyn Pierce;01/05
Alice Austin;01/22
John Palmer;01/31
Russell Torres;01/24
Ann Weaver;01/02
Richard Freeman;01/30
Sharon Ward;01/29
Denise Ryan;01/26
Steven Sullivan;01/22
Debra Carpenter;01/27
Rachel Gonzalez;01/26
Karen Matthews;01/27
Steve Patterson;01/09
Beverly Garcia;01/25
Lillian Dean;01/17
Jeremy Wood;01/21
Dennis Webb;01/19
Carl Hanson;01/15
Harry Barnes;01/21
Carolyn Rose;01/10
Anthony Hughes;01/02
Willie Johnston;01/16
Raymond Jacobs;01/27
Wanda Hall;01/29
Kenneth Russell;01/06
Thomas Cunningham;01/10
Mildred Burns;01/29
Jean Berry;01/23
Linda Gutierrez;01/31
Sharon Lewis;01/30
Jacqueline Wood;01/01
Martin Torres;01/04
Kenneth Washington;01/10
Jesse Nguyen;01/20
Jennifer Pierce;01/27
Helen Cook;01/31
Juan Lawson;01/05
Donna Ruiz;01/07
Adam Dunn;01/02
Stephanie Owens;01/13
Martin Perry;01/10
Ronald Hart;01/29
Bobby Greene;01/20
Ruby Pierce;01/03
Beverly Perez;01/31
Frank Alvarez;01/04
Emily Banks;01/19
Earl Simpson;01/10
Susan Hart;01/03
Jeremy Boyd;01/19
Nancy Howell;01/30
Howard Reynolds;01/07
Todd Jenkins;01/08
Phyllis Ward;01/28
Lisa Ferguson;01/20
Albert Fuller;01/09
Martin Scott;01/26
Anne Ferguson;01/13
Larry Burke;01/19
Beverly Andrews;01/13
Marie Wood;01/11
George Cruz;01/05
Terry Wheeler;01/09
Gregory Phillips;01/10
Samuel Mendoza;01/03
Jack White;01/22
Daniel Grant;01/29
Frances James;01/07
Lisa Fuller;01/23
Tina Ferguson;01/06
Jean Bishop;01/06
Aaron Jones;01/19
Ann Allen;01/18
Matthew Mendoza;01/25
Jerry Hall;01/08
Gerald Reynolds;01/20
Susan Lee;01/07
Rachel Flores;01/24
Jack Martinez;01/29
Earl Bowman;01/29
Victor Jenkins;01/10
Mildred Lewis;01/27
Lisa Daniels;01/15
Anne Sanders;01/03
Jessica Marshall;01/16
Ernest Garza;01/04
Tina Torres;01/28
Gregory Bell;01/21
Kathleen Flores;01/26
Amanda Austin;01/21
Lisa Hicks;01/13
Katherine Gilbert;01/08
Alice Kelley;01/02
Elizabeth Young;01/01
Sara Brooks;01/13
Donald Lopez;01/23
Frank Fernandez;01/23
Terry Thomas;01/17
Kelly Hayes;01/29
Edward Reed;01/22
Earl Owens;01/20
Alice Clark;01/12
Linda Collins;01/01
Thomas George;01/22
Alan Meyer;01/16
Eric Black;01/12
Linda Richardson;01/01
Cynthia Henry;01/27
Shirley Dean;01/09
Ryan Porter;01/21
Sarah Evans;01/30
Jerry Robertson;01/21
Mark Martin;01/11
David Holmes;01/22
Diana Schmidt;01/28
Gregory Allen;01/28
Karen Lopez;01/15
Janet Hart;01/02
Rose Brooks;01/06
Timothy Armstrong;01/16
Tammy Garza;01/05
Clarence Gonzalez;01/14
Doris Thomas;01/07
Evelyn Rose;01/20
Ruth Wilson;01/04
Roy Day;01/21
Kelly Williamson;01/14
William Garcia;01/08
Chris Burton;01/22
Rachel Hunter;01/25
Ashley Wilson;01/13
Nancy Thompson;01/25
Mark Patterson;01/09
Joyce Rice;01/04
Mary Roberts;01/28
Christina Black;01/18
Matthew Torres;01/10
Anthony Jordan;01/24
Julie Wells;01/21
Larry Cox;01/22
Debra Spencer;01/29
Linda Tucker;01/06
Ronald Burns;01/31
Angela Lewis;01/24
Matthew Edwards;01/04
Shirley Nguyen;01/04
Alan Payne;01/04
Howard Hernandez;01/28
Doris Stewart;01/07
Wayne Daniels;01/02
Sarah Miller;01/19
William Green;01/05
Stephanie Wheeler;01/02
Brian Greene;01/25
Jack Gonzalez;01/14
Steven Bryant;01/19
Donald Larson;01/19
Betty Gardner;01/25
Cheryl Carr;01/07
Juan Green;01/03
Julia Richards;01/22
Edward Palmer;01/08
Bonnie Murphy;01/03
Victor Young;01/10
Katherine Mendoza;01/29
Brandon Lynch;01/15
Jeremy Hanson;01/24
Antonio Tucker;01/24
Harry Hill;01/21
Joshua Moreno;01/19
Judy Clark;01/13
Christina Griffin;01/16
Victor Holmes;01/01
Walter Harrison;01/23
Philip Taylor;01/17
Ernest Peters;01/07
George Riley;01/17
Jennifer Torres;01/05
Scott Ferguson;01/10
Robert Parker;01/11
William Roberts;01/23
Russell Simpson;01/15
Edward Larson;01/14
Laura Coleman;01/18
Douglas Gomez;01/18
Justin Long;01/20
Linda Johnston;01/31
Raymond Harrison;01/25
Michelle Bishop;01/29
Ann Greene;01/06
Lillian Brooks;01/30
Deborah Clark;01/13
Nicholas Grant;01/21
Mark Ramos;01/01
Tammy James;01/24
Lawrence Gardner;01/19
Roy Turner;01/02
Heather Flores;01/15
Debra Knight;01/08
Richard Carroll;01/12
Nicholas Mcdonald;01/22
Mark Bishop;01/11
Gary Patterson;01/01
Joe Gibson;01/16
Steve Anderson;01/15
Gregory Henry;01/02
Nicholas Mills;01/11
Marilyn Graham;01/25
Donna Gonzales;01/31
Sara Rogers;01/14
Victor White;01/11
Lisa Morales;01/11
Dorothy Hawkins;01/09
Phillip Garza;01/14
Jessica Cook;01/28
Joshua Wallace;01/07
Robin Turner;01/02
Christopher Griffin;01/25
Howard Chavez;01/15
Diana Russell;01/07
William Lane;01/14
Todd Parker;01/07
Larry Weaver;01/31
Emily Morrison;01/14
Ernest Alexander;01/03
John Greene;01/16
Brenda Morrison;01/15
Julia Elliott;01/01
Sara Stewart;01/04
Amanda Harvey;01/12
Katherine Andrews;01/27
Mary Campbell;01/06
Harry Reid;01/16
Martin Fox;01/30
Annie Stevens;01/23
Rebecca Hill;01/10
Robert Larson;01/24
Jack Boyd;01/06
Melissa Lawson;01/29
Sandra Daniels;01/12
Kimberly Smith;01/22
Martha Duncan;01/14
Thomas Bradley;01/25
Lori Berry;01/05
Carol Woods;01/22
Gregory Kelley;01/25
Jimmy Gomez;01/28
Todd Grant;01/27
Andrea Dean;01/10
Bobby Robinson;01/09
Brian Howell;01/12
Judy Cole;01/03
Clarence Lawrence;01/12
Joan Morgan;01/16
Jennifer Harvey;01/12
Bruce Sims;01/31
Stephen Myers;01/16
Walter Jackson;01/21
Jason Franklin;01/12
Kathleen Allen;01/17
Rebecca Gray;01/18
Laura Walker;01/30
Heather Carr;01/13
Mark Richardson;01/07
Rose Reyes;01/03
Ann Grant;01/20
Steven Evans;01/21
Martin Bailey;01/12
Phillip Morales;01/14
Walter Chavez;01/13
Christine Schmidt;01/28
Sharon Cunningham;01/10
Lisa Matthews;01/22
Pamela Morales;01/27
Annie Hanson;01/23
Patrick Kim;01/21
Daniel Daniels;01/19
Thomas Oliver;01/02
Melissa Morales;01/04
Louise Kennedy;01/12
Jennifer Allen;01/02
Donna Hudson;01/31
Ernest Stevens;01/21
Michelle Sanders;01/06
Deborah Burton;01/30
Wayne Alvarez;01/09
Elizabeth Hart;01/28
Ruby Lawrence;01/04
William Myers;01/19
Robert Hughes;01/30
Shawn Tucker;01/07
Diane Matthews;01/25
Karen Howell;01/24
Daniel Butler;01/27
Johnny Welch;01/27
Marie Fernandez;01/31
Clarence Ruiz;01/25
Carol Little;01/19
Timothy Andrews;01/22
Carol Reed;01/11
Randy Rodriguez;01/18
Samuel Bowman;01/16
Bruce Powell;01/10
Richard James;01/27
Martin Cooper;01/11
Barbara Myers;01/14
Bonnie Fowler;01/13
Carol Day;01/05
Wayne Williamson;01/08
David Graham;01/14
Ruby Morgan;01/31
Frank Williamson;01/29
Stephen Collins;01/02
Todd Fuller;01/06
Harry Kim;01/23
Barbara Hall;01/31
Kathleen Rice;01/09
Anna Hansen;01/16
Anthony Meyer;01/17
Annie Parker;01/28
Gary Perez;01/22
Frances Meyer;01/19
Kelly Day;01/26
Elizabeth Hamilton;01/01
Joan Martin;01/27
Helen Scott;01/16
Howard Willis;01/17
Jimmy Cox;01/17
Margaret Burton;01/27
Betty Stone;01/03
Phyllis Flores;01/26
Norma Garcia;01/03
Robert Cox;01/09
Rose Hayes;01/25
Joe Garcia;01/28
Alan Watson;01/15
Ryan Carter;01/10
Phillip Garrett;01/06
Benjamin Bryant;01/25
Gary Webb;01/08
Bobby Sanchez;01/12
Lois Day;01/20
Henry Barnes;01/04
Lawrence Patterson;01/24
Kelly Larson;01/21
Janet Matthews;01/20
Kathryn Edwards;01/15
Jean Moore;01/11
Ernest Morris;01/07
Bruce Richards;01/26
Amy Henderson;01/07
Phyllis Bradley;01/13
Wanda Brooks;01/15
Carolyn Meyer;01/15
Judy Montgomery;01/08
Steve Carter;01/09
Howard Kelly;01/30
Theresa Allen;01/30
Frank Baker;01/17
Timothy Lee;01/20
Sandra Harris;01/21
Nicholas Brown;01/05
Gloria Clark;01/31
Julia Jackson;01/10
Paul Ramos;01/05
Tammy Dean;01/13
Mary Johnston;01/09
Diane Bell;01/20
Anna Arnold;01/28
Sarah Garcia;01/21
Joshua Elliott;01/18
Judith Daniels;01/07
Jean Jacobs;01/03
Sarah Dean;01/24
George Knight;01/03
Stephen Mccoy;01/25
Randy Campbell;01/22
Joseph Collins;01/12
Anna Burton;01/25
Carolyn Romero;01/11
Lois Kelley;01/03
Jane Shaw;01/08
Beverly Oliver;01/09
Sarah Cook;01/25
Teresa Fernandez;01/22
Michael Vasquez;01/27
Lois Reynolds;01/20
Paul Schmidt;01/18
Willie Stone;01/21
Wayne Ramirez;01/27
Christine Ramirez;01/10
Chris Lynch;01/17
Billy Andrews;01/15
Sarah Schmidt;01/27
Bonnie Reed;01/07
Robin Lewis;01/27
Pamela Phillips;01/28
Laura Berry;01/12
Nancy Little;01/04
Sharon Black;01/22
Tina Kelley;01/22
Jose Hawkins;01/30
Jeffrey Smith;01/17
Roy Banks;01/29
Edward Fowler;01/09
Jonathan Reed;01/25
Kathryn Jenkins;01/11
Pamela Morgan;01/22
Barbara Scott;01/15
David Barnes;01/20
Janet Daniels;01/01
Sharon Little;01/05
Bobby Hicks;01/27
Antonio Jenkins;01/16
Nicole Sims;01/28
Robin Alvarez;01/09
Amanda Olson;01/31
Gary Stone;01/31
Debra Lynch;01/18
Douglas Black;01/20
Keith Mendoza;01/24
Thomas Graham;01/26
Gloria Baker;01/28
Ruby Crawford;01/21
Patrick Williams;01/25
Fred Scott;01/12
Steve Thomas;01/16
Mildred Gonzalez;01/27
Margaret Jones;01/01
Doris Bowman;01/27
Doris Shaw;01/18
Jerry Dixon;01/27
Julie Hanson;01/03
Rose Cunningham;01/16
Roy Rodriguez;01/13
Judith Welch;01/16
Richard Rivera;01/04
Frank Vasquez;01/25
Heather Cox;01/29
Debra Tucker;01/18
Julie Myers;01/01
Henry Mills;01/18
Charles Shaw;01/13
Ryan Nichols;01/30
Randy Owens;01/16
Elizabeth Hayes;01/03
John Hicks;01/17
Carlos Arnold;01/05
Harold Harrison;01/17
Eric Gomez;01/08
Diana Howard;01/16
Tammy Pierce;01/31
Billy Smith;01/01
Jason Owens;01/19
Andrea Burke;01/05
Steve Garza;01/11
Jonathan Fox;01/12
Jesse Turner;01/18
Carlos Carter;01/18
Robert Sanders;01/21
Nicholas Walker;01/17
Christopher Watkins;01/13
Clarence Watson;01/21
Jessica Thomas;01/30
Terry Price;01/04
Dorothy Woods;01/29
Gerald Simpson;01/21
Jennifer Howell;01/18
Frank Edwards;01/23
Annie Russell;01/20
Christina Garcia;01/19
Joseph Adams;01/27
Aaron White;01/09
Samuel Carter;01/18
Brian Bishop;01/01
Deborah Nichols;01/05
Louise Banks;01/21
Teresa Powell;01/12
Jack Williams;01/09
Donald Wheeler;01/27
Gloria Bishop;01/25
Julia James;01/20
Phyllis Diaz;01/26
Johnny Sullivan;01/13
Jose Williams;01/08
Diane Taylor;01/07
Norma Mcdonald;01/17
Susan Evans;01/04
Richard Olson;01/08
Joan Garrett;01/11
Ruth Sanchez;01/27
Janet Reid;01/23
Beverly Taylor;01/14
Joyce Mccoy;01/25
Barbara Alvarez;01/25
Karen Burns;01/30
Joyce Shaw;01/15
Paula Alexander;01/04
Aaron Hill;01/21
Todd Gibson;01/31
Christine Watkins;01/26
Heather Butler;01/05
Sara Lewis;01/23
Stephen Arnold;01/25
Joan Nguyen;01/18
Theresa Bailey;01/22
Joshua Dunn;01/11
Shirley Stevens;01/08
Joshua Ramos;01/25
Edward Lawrence;01/25
Tammy Cox;01/12
Joshua Martin;01/16
Frank Hunter;01/02
Randy Stone;01/22
Walter Castillo;01/24
Richard Sullivan;01/04
Lillian Sims;01/01
Joshua Weaver;01/24
Rose Day;01/05
John Mcdonald;01/13
Tina Marshall;01/12
Marie Frazier;01/23
Patricia Greene;01/27
Judith Cook;01/10
Jacqueline Lynch;01/27
Harry Ray;01/05
George Austin;01/16
Gloria Mcdonald;01/15
George Welch;01/07
Victor Ellis;01/12
Pamela Fuller;01/06
Karen Hudson;01/29
Jonathan Fernandez;01/08
Martha Fields;01/19
Doris Long;01/27
Andrea Murray;01/11
Craig Jones;01/29
Peter Harvey;01/28
Marilyn Watson;01/27
Jennifer Kelley;01/26
Keith Alexander;01/14
Benjamin Gutierrez;01/11
Joe Warren;01/28
Stephen King;01/23
Jeremy Snyder;01/03
William Foster;01/25
Frank Snyder;01/12
Cheryl Berry;01/26
Denise Harrison;01/25
Ryan Robertson;01/14
Betty James;01/15
Margaret Alvarez;01/07
Amanda Evans;01/30
Julia Willis;01/17
Margaret Schmidt;01/03
Kenneth Knight;01/16
Raymond Hayes;01/06
Andrea Washington;01/09
Jesse Carr;01/18
Adam Marshall;01/13
Mary Frazier;01/31
Jose Richards;01/29
Charles Price;01/06
Frank Long;01/19
Albert Carroll;01/27
Harry Bryant;01/08
Eugene Garcia;01/27
Ruth Palmer;01/09
Carolyn Garrett;01/01
Jerry Rivera;01/27
James Wright;01/06
Ralph Sanders;01/30
Betty Knight;01/16
Phillip Freeman;01/19
Jose Jenkins;01/21
Rebecca Webb;01/15
Benjamin Torres;01/12
Ronald Williams;01/03
Jane Grant;01/29
Richard Oliver;01/04
Jeremy Coleman;01/17
Shawn Bennett;01/09
Ralph Olson;01/04
Linda Thompson;01/29
Diana Hicks;01/04
Chris Gibson;01/09
Timothy Nguyen;01/29
Justin Carr;01/20
Raymond Hamilton;01/20
Frances Hawkins;01/30
Bruce Montgomery;01/16
Amy Fernandez;01/13
Ruth Garza;01/25
Janet Gardner;01/10
Peter Watson;01/06
Philip Hanson;01/14
Raymond Thompson;01/04
Jason Martin;01/25
Patricia Mendoza;01/08
William Hernandez;01/23
Bruce Dixon;01/08
Fred Smith;01/05
Michael Perez;01/12
William Mccoy;01/06
Norma Evans;01/24
Sarah Snyder;01/07
Todd Gibson;01/25
Kevin Banks;01/08
Tammy Brown;01/26
Anna White;01/01
Adam Duncan;01/17
Gary Meyer;01/28
Maria Mendoza;01/03
Donald Harrison;01/01
Jessica Clark;01/18
Gary Butler;01/21
Joshua Freeman;01/17
Nicole Cole;01/23
Evelyn Wallace;01/10
Douglas Burton;01/24
James Stevens;01/29
Raymond Ellis;01/08
John Bryant;01/25
Ralph Fox;01/26
Antonio Bennett;01/11
Roy Banks;01/19
Ralph Rogers;01/04
Samuel Cole;01/08
Catherine Gray;01/10
Bruce Perez;01/30
Shawn Matthews;01/02
Anne Dixon;01/06
Angela Stone;01/25
Roy Murphy;01/03
Michelle Fox;01/05
Roger Dunn;01/02
Sarah Nelson;01/21
Eric Campbell;01/08
Mark Chavez;01/07
David Wheeler;01/24
Carol Kim;01/29
Maria Torres;01/06
Pamela Medina;01/26
Patricia Porter;01/24
Louis Larson;01/03
John Moreno;01/02
Judith Day;01/06
Fred Perry;01/27
Debra Rice;01/27
Jennifer Weaver;01/12
Joyce Hudson;01/30
Amy Howell;01/31
Charles Burton;01/12
Randy Carr;01/09
George Ryan;01/26
Aaron Tucker;01/06
Donna Rose;01/02
Eric Mason;01/14
Adam Barnes;01/03
Anne Hudson;01/06
Brandon Russell;01/28
Brenda Rice;01/24
Irene Moreno;01/21
Nancy Price;01/13
Emily Peterson;01/27
Alice Kennedy;01/22
Annie Burns;01/31
Wayne Wells;01/05
Anne Cooper;01/20
Robert Watson;01/26
Kelly Hudson;01/31
Antonio Bryant;01/30
Gregory Anderson;01/19
Margaret Burns;01/22
Amy Mcdonald;01/23
Maria Mcdonald;01/11
Chris Mendoza;01/02
Lori Reed;01/15
Albert Reid;01/23
Judy Frazier;01/16
Brian Nichols;01/21
Dennis Hudson;01/30
George Lynch;01/30